聚类个数,Zcluster,ZCT,ZRC
1395,-0.8157023809629236,0.12216628737658165,-0.09896822690793798
987,1.22547558459463,0.4543830699313969,-0.06433106583611958
273,-0.2624160459766284,-2.267025864148788,0.7382983095854351
