聚类个数,ZRC,ZDAC,ZNOI,ZTOE,ZFS,ZIS,ZIBC
1077,-0.12156899950663606,-0.3180863508753267,-0.027411772851459893,-0.2640526005922906,-0.28508985475219784,0.9107707075103367,-0.71718294031441
863,-0.0875019668576868,-0.2593940185696004,-0.02535094840985196,-0.2740448330121448,-0.19861588278627484,-0.8759874493105406,0.8940432099395917
331,-0.048359365339048506,1.8092108686400978,-0.022815766602219265,-0.22830612716925477,-0.12816725687664485,-0.29095986835066245,-0.139068317707906
199,0.4073055035533189,-0.07199043870800381,0.019269376547183758,3.1067865565535357,0.3752864711642538,-0.21712708476113854,0.029443832408615613
181,0.37921762020259653,-0.10053077240514431,0.0166899611994809,-0.1663212625782393,2.4250332285419343,-0.4525023599163558,0.2253661208703688
3,24.189544771393752,0.32537882276756824,0.2185058389735201,2.915163044472354,1.6108623608410193,-0.8759874493105391,0.5259423353265789
1,0.1901410160941637,-0.866728961659148,51.44136015714302,-0.4371955405083065,2.4250332285419343,-0.8759874493105392,-1.3500678307621812
